
<annotation>
    <folder>images</folder>
    <filename>potholes5.png</filename>
    <size>
        <width>400</width>
        <height>400</height>
        <depth>3</depth>
    </size>
    <segmented>0</segmented>
    <object>
        <name>pothole</name>
        <pose>Unspecified</pose>
        <truncated>0</truncated>
        <occluded>0</occluded>
        <difficult>0</difficult>
        <bndbox>
            <xmin>113</xmin>
            <ymin>173</ymin>
            <xmax>267</xmax>
            <ymax>242</ymax>
        </bndbox>
    </object>
</annotation>