
<annotation>
    <folder>images</folder>
    <filename>potholes6.png</filename>
    <size>
        <width>400</width>
        <height>400</height>
        <depth>3</depth>
    </size>
    <segmented>0</segmented>
    <object>
        <name>pothole</name>
        <pose>Unspecified</pose>
        <truncated>0</truncated>
        <occluded>0</occluded>
        <difficult>0</difficult>
        <bndbox>
            <xmin>120</xmin>
            <ymin>126</ymin>
            <xmax>250</xmax>
            <ymax>234</ymax>
        </bndbox>
    </object>
</annotation>