
<annotation>
    <folder>images</folder>
    <filename>potholes24.png</filename>
    <size>
        <width>527</width>
        <height>300</height>
        <depth>3</depth>
    </size>
    <segmented>0</segmented>
    <object>
        <name>pothole</name>
        <pose>Unspecified</pose>
        <truncated>0</truncated>
        <occluded>0</occluded>
        <difficult>0</difficult>
        <bndbox>
            <xmin>139</xmin>
            <ymin>160</ymin>
            <xmax>491</xmax>
            <ymax>269</ymax>
        </bndbox>
    </object>
</annotation>