
<annotation>
    <folder>images</folder>
    <filename>potholes13.png</filename>
    <size>
        <width>474</width>
        <height>300</height>
        <depth>3</depth>
    </size>
    <segmented>0</segmented>
    <object>
        <name>pothole</name>
        <pose>Unspecified</pose>
        <truncated>0</truncated>
        <occluded>0</occluded>
        <difficult>0</difficult>
        <bndbox>
            <xmin>168</xmin>
            <ymin>93</ymin>
            <xmax>339</xmax>
            <ymax>295</ymax>
        </bndbox>
    </object>
    <object>
        <name>pothole</name>
        <pose>Unspecified</pose>
        <truncated>0</truncated>
        <occluded>0</occluded>
        <difficult>0</difficult>
        <bndbox>
            <xmin>221</xmin>
            <ymin>38</ymin>
            <xmax>271</xmax>
            <ymax>60</ymax>
        </bndbox>
    </object>
</annotation>