
<annotation>
    <folder>images</folder>
    <filename>potholes33.png</filename>
    <size>
        <width>400</width>
        <height>400</height>
        <depth>3</depth>
    </size>
    <segmented>0</segmented>
    <object>
        <name>pothole</name>
        <pose>Unspecified</pose>
        <truncated>0</truncated>
        <occluded>0</occluded>
        <difficult>0</difficult>
        <bndbox>
            <xmin>205</xmin>
            <ymin>215</ymin>
            <xmax>283</xmax>
            <ymax>267</ymax>
        </bndbox>
    </object>
    <object>
        <name>pothole</name>
        <pose>Unspecified</pose>
        <truncated>0</truncated>
        <occluded>0</occluded>
        <difficult>0</difficult>
        <bndbox>
            <xmin>23</xmin>
            <ymin>148</ymin>
            <xmax>215</xmax>
            <ymax>212</ymax>
        </bndbox>
    </object>
</annotation>