
<annotation>
    <folder>images</folder>
    <filename>potholes18.png</filename>
    <size>
        <width>400</width>
        <height>173</height>
        <depth>3</depth>
    </size>
    <segmented>0</segmented>
    <object>
        <name>pothole</name>
        <pose>Unspecified</pose>
        <truncated>0</truncated>
        <occluded>0</occluded>
        <difficult>0</difficult>
        <bndbox>
            <xmin>95</xmin>
            <ymin>121</ymin>
            <xmax>199</xmax>
            <ymax>167</ymax>
        </bndbox>
    </object>
</annotation>