
<annotation>
    <folder>images</folder>
    <filename>potholes38.png</filename>
    <size>
        <width>533</width>
        <height>300</height>
        <depth>3</depth>
    </size>
    <segmented>0</segmented>
    <object>
        <name>pothole</name>
        <pose>Unspecified</pose>
        <truncated>0</truncated>
        <occluded>0</occluded>
        <difficult>0</difficult>
        <bndbox>
            <xmin>204</xmin>
            <ymin>212</ymin>
            <xmax>260</xmax>
            <ymax>252</ymax>
        </bndbox>
    </object>
    <object>
        <name>pothole</name>
        <pose>Unspecified</pose>
        <truncated>0</truncated>
        <occluded>0</occluded>
        <difficult>0</difficult>
        <bndbox>
            <xmin>312</xmin>
            <ymin>38</ymin>
            <xmax>385</xmax>
            <ymax>71</ymax>
        </bndbox>
    </object>
</annotation>