
<annotation>
    <folder>images</folder>
    <filename>potholes17.png</filename>
    <size>
        <width>451</width>
        <height>300</height>
        <depth>3</depth>
    </size>
    <segmented>0</segmented>
    <object>
        <name>pothole</name>
        <pose>Unspecified</pose>
        <truncated>0</truncated>
        <occluded>0</occluded>
        <difficult>0</difficult>
        <bndbox>
            <xmin>104</xmin>
            <ymin>196</ymin>
            <xmax>328</xmax>
            <ymax>300</ymax>
        </bndbox>
    </object>
</annotation>