
<annotation>
    <folder>images</folder>
    <filename>potholes19.png</filename>
    <size>
        <width>461</width>
        <height>300</height>
        <depth>3</depth>
    </size>
    <segmented>0</segmented>
    <object>
        <name>pothole</name>
        <pose>Unspecified</pose>
        <truncated>0</truncated>
        <occluded>0</occluded>
        <difficult>0</difficult>
        <bndbox>
            <xmin>42</xmin>
            <ymin>64</ymin>
            <xmax>146</xmax>
            <ymax>96</ymax>
        </bndbox>
    </object>
    <object>
        <name>pothole</name>
        <pose>Unspecified</pose>
        <truncated>0</truncated>
        <occluded>0</occluded>
        <difficult>0</difficult>
        <bndbox>
            <xmin>144</xmin>
            <ymin>110</ymin>
            <xmax>371</xmax>
            <ymax>211</ymax>
        </bndbox>
    </object>
</annotation>