
<annotation>
    <folder>images</folder>
    <filename>potholes15.png</filename>
    <size>
        <width>447</width>
        <height>300</height>
        <depth>3</depth>
    </size>
    <segmented>0</segmented>
    <object>
        <name>pothole</name>
        <pose>Unspecified</pose>
        <truncated>0</truncated>
        <occluded>0</occluded>
        <difficult>0</difficult>
        <bndbox>
            <xmin>114</xmin>
            <ymin>59</ymin>
            <xmax>330</xmax>
            <ymax>220</ymax>
        </bndbox>
    </object>
</annotation>