
<annotation>
    <folder>images</folder>
    <filename>potholes31.png</filename>
    <size>
        <width>400</width>
        <height>400</height>
        <depth>3</depth>
    </size>
    <segmented>0</segmented>
    <object>
        <name>pothole</name>
        <pose>Unspecified</pose>
        <truncated>0</truncated>
        <occluded>0</occluded>
        <difficult>0</difficult>
        <bndbox>
            <xmin>108</xmin>
            <ymin>125</ymin>
            <xmax>194</xmax>
            <ymax>154</ymax>
        </bndbox>
    </object>
    <object>
        <name>pothole</name>
        <pose>Unspecified</pose>
        <truncated>0</truncated>
        <occluded>0</occluded>
        <difficult>0</difficult>
        <bndbox>
            <xmin>78</xmin>
            <ymin>152</ymin>
            <xmax>204</xmax>
            <ymax>198</ymax>
        </bndbox>
    </object>
    <object>
        <name>pothole</name>
        <pose>Unspecified</pose>
        <truncated>0</truncated>
        <occluded>0</occluded>
        <difficult>0</difficult>
        <bndbox>
            <xmin>168</xmin>
            <ymin>198</ymin>
            <xmax>195</xmax>
            <ymax>220</ymax>
        </bndbox>
    </object>
    <object>
        <name>pothole</name>
        <pose>Unspecified</pose>
        <truncated>0</truncated>
        <occluded>0</occluded>
        <difficult>0</difficult>
        <bndbox>
            <xmin>206</xmin>
            <ymin>210</ymin>
            <xmax>334</xmax>
            <ymax>269</ymax>
        </bndbox>
    </object>
</annotation>